品種,単位
あさり,個
あじ,個
いか,個
いちご,個
いわし,個
うなぎのかば焼き,個
えのきたけ,個
えび,個
おにぎり・その他,個
かき(貝),個
かつお,個
かつお節・削り節,個
かに,個
かぼちゃ,個
かまぼこ,個
かれい,個
きゅうり,個
ぎょうざ,個
こんにゃく,個
こんぶ,個
こんぶつくだ煮,個
ごぼう,個
さけ,個
さしみ盛合わせ,個
さつまいも,個
さといも,個
さば,個
さやまめ,個
さんま,個
しじみ,個
しめじ,個
しゅうまい,個
しょう油,個
しらす干し,個
じゃがいも,個
すいか,個
すし(外食),個
すし(弁当),個
せんべい,個
そうざい材料セット,個
たい,個
たけのこ,個
たこ,個
たまねぎ,個
たらこ,個
たんす,百円
だいこん,個
だいこん漬,個
ちくわ,個
つゆ・たれ,個
なす,個
にんじん,個
ねぎ,個
はくさい,個
はくさい漬,個
ふりかけ,個
ぶどう,個
ぶり,個
ほうれんそう,個
ほたて貝,個
まぐろ,個
まんじゅう,個
みかん,個
みそ,個
もち,個
もやし,個
やきとり,個
ようかん,個
りんご,個
れんこん,個
わかめ,個
アイスクリーム・シャーベット,個
ウイスキー,個
エアコンディショナ,百円
オレンジ,個
カステラ,個
カップ麺,個
カツレツ,個
カレールウ,個
カーテン,百円
キウイフルーツ,個
キャベツ,個
キャンデー,個
グレープフルーツ,個
ケチャップ,個
ケーキ,個
ココア・ココア飲料,個
コロッケ,個
コーヒー,個
コーヒー飲料,個
サラダ,個
ジャム,個
ストーブ・温風ヒーター,百円
スナック菓子,個
スパゲッティ,個
スポーツドリンク,個
ゼリー,個
ソース,個
ソーセージ,個
タオル,個
チューハイ・カクテル,個
チョコレート,個
チョコレート菓子,個
チーズ,個
ティッシュペーパー,個
トイレットペーパー,個
トマト,個
ドレッシング,個
ハム,個
ハンバーガー,個
ハンバーグ,個
バター,個
バナナ,個
ビスケット,個
ビール,個
ピーマン,個
ブロッコリー,個
プリン,個
ベッド,百円
ベーコン,個
ポリ袋・ラップ,個
マヨネーズ・マヨネーズ風調味料,個
マーガリン,個
ミネラルウォーター,個
メロン,個
ヨーグルト,個
レタス,個
ワイン,個
中華そば,個
中華食,個
中華麺,個
乳酸菌飲料,個
乳飲料,個
乾うどん・そば,個
乾燥スープ,個
"他のきのこ(2014年までは26B,26Xを含む)",個
他のパン,個
他の主食的外食,個
他の主食的調理食品,個
他の乳製品,個
他の乾物・海藻,個
他の冷暖房用器具,百円
他の加工肉,個
他の台所用品,個
他の和生菓子,個
他の塩干魚介,個
他の大豆製品,個
他の室内装備品,百円
"他の家事用消耗品のその他(2014年までは536,537を含む)",百円
他の家事用耐久財,百円
他の家事雑貨,百円
他の家具,百円
他の寝具類,百円
他の果物,個
他の柑きつ類,個
他の根菜,個
他の洋生菓子,個
他の生鮮肉,個
他の穀類のその他,個
他の茶葉,個
他の菓子,個
他の葉茎菜,個
他の調味料,個
他の調理食品のその他,個
他の貝,個
他の酒(2014年までは3X8を含む),個
他の野菜のその他,個
他の野菜の漬物,個
他の野菜・海藻のつくだ煮,個
他の野菜・海藻加工品のその他,個
他の食卓用品,百円
他の飲料のその他(2014年までは38Yを含む),個
他の魚介加工品のその他,個
他の魚肉練製品,個
他の鮮魚,個
他の麺類,個
他の麺類外食,個
冷凍調理食品,個
即席麺,個
卵,個
台所・住居用洗剤,個
合いびき肉,個
和食,個
喫茶代,個
塩さけ,個
天ぷら・フライ,個
学校給食,個
室内装飾品,百円
家事代行料,百円
家具・家事用品関連サービス,件
小麦粉,個
布団,百円
干しあじ,個
干ししいたけ,個
干しのり,個
弁当,個
応接セット,百円
揚げかまぼこ,個
敷布,百円
敷物,百円
日本そば・うどん,個
果実・野菜ジュース,個
果物加工品,個
柔軟仕上剤,個
柿,個
桃,個
梅干し,個
梨,個
殺虫・防虫剤,個
毛布,百円
油揚げ・がんもどき,個
洋食(2014年までは399を含む),個
洗濯用洗剤,個
清掃代,百円
清酒,個
炊事用ガス器具,百円
炊事用電気器具,百円
炭酸飲料,個
焼肉,個
焼酎,個
照明器具,百円
牛乳,個
牛肉,個
生うどん・そば,個
生しいたけ,個
発泡酒・ビール風アルコール飲料,個
砂糖,個
米,個
粉ミルク,個
紅茶,個
納豆,個
緑茶,個
芳香・消臭剤,個
茶わん・皿・鉢,個
茶飲料,個
調理パン,個
豆腐,個
豆類,個
豚肉,個
酢,個
鍋・やかん,個
電子レンジ,百円
電気冷蔵庫,百円
電気掃除機,百円
電気洗濯機,百円
電球・ランプ,個
風味調味料,個
食パン,個
食卓セット,百円
食器戸棚,百円
食塩,個
食用油,個
飲酒代,個
魚介のつくだ煮,個
魚介の漬物,個
魚介の缶詰,個
鶏肉,個
