年,月,平均気温(℃),最高気温(℃),最低気温(℃),降水量の合計(mm),日照時間(時間)
2003,1,5.9,13.9,-2.2,50,86.9
2003,2,8.3,16.8,1.4,74.5,123.2
2003,3,9.9,24.4,2.9,103,146.1
2003,4,16.1,26.3,6,144.5,147.1
2003,5,20,31.9,10.5,110.5,176.3
2003,6,23.2,31.3,15.8,200.5,149.2
2003,7,25.5,33.4,19.1,444.5,100.8
2003,8,27.2,35.3,20.5,232,163.4
2003,9,25.6,35.2,16.6,69.5,216.4
2003,10,18.8,30.5,9.1,11,230.8
2003,11,16.1,25.3,6.3,124.5,111.1
2003,12,9.3,18,1.4,36,107
2004,1,6.1,13.5,-2.5,55,128.7
2004,2,9,23.8,1.3,66,152.2
2004,3,10.9,23.2,0.2,97,178
2004,4,16.2,29.9,5.5,68.5,222.5
2004,5,20.5,31,11.9,268.5,162.9
2004,6,24,37.3,15.8,225,193.2
2004,7,28.7,35.3,22.9,53,218.2
2004,8,28.6,36.6,22.7,154.5,200.9
2004,9,24.6,34.3,18,304.5,108.9
2004,10,19,27.9,9.8,256.5,168.5
2004,11,15.1,24.8,6.8,58.5,183.6
2004,12,10.7,20.5,0.2,134.5,144.1
2005,1,6.4,14.8,0.8,47,77.3
2005,2,6.1,13.8,-0.8,91,85.1
2005,3,9.6,19.3,-0.2,93,154
2005,4,16.7,30.1,7.7,36,229.3
2005,5,19.4,28.6,13.1,62.5,255.7
2005,6,24.8,34.4,15.7,15,183.2
2005,7,27.6,34.7,21.7,301,137.9
2005,8,28.4,35.5,21.5,73.5,186.2
2005,9,26,33.1,18.3,115,173.2
2005,10,20.5,33.3,11,18.5,155.9
2005,11,14.4,25.9,6.1,109,146.8
2005,12,6,17.2,-1.7,58.5,90
2006,1,6.9,17.9,-0.1,46,106.5
2006,2,7.7,18.2,-0.3,93,114
2006,3,10.1,20.1,0.6,102,160.3
2006,4,14.6,27.8,6.4,199.5,167.4
2006,5,19.2,28.5,10.5,183.5,135.3
2006,6,23.2,31.4,17.1,320,147.1
2006,7,27.3,35.5,20.7,405.5,129.9
2006,8,29,35.5,22.6,256,237.4
2006,9,23.3,32.1,16.5,236.5,168.2
2006,10,20.6,28.3,13.8,28,214.8
2006,11,15,25.7,7.5,107,136
2006,12,9.5,16.4,0,41,112.1
2007,1,7.6,13.3,1.5,47.5,94.2
2007,2,9.8,19.1,-1.3,61.5,148.9
2007,3,11.3,25.5,3.1,81.5,171.7
2007,4,15.1,25.4,4.7,74.5,196.3
2007,5,20.4,31,11.7,64.5,243
2007,6,23.8,33.8,16.8,40.5,132.7
2007,7,26.3,34.4,20,381,145.1
2007,8,29.4,37.2,24,178.5,221.5
2007,9,27,35.6,20.7,72,179.5
2007,10,20.9,30.5,9.9,88,192.1
2007,11,14.1,22.4,5.5,13,161.5
2007,12,9.8,18.4,3,92.5,100.2
2008,1,7.5,18.9,1.5,70,101.9
2008,2,6.3,15.8,0.4,52,146
2008,3,10.7,22.8,0.9,162,176.7
2008,4,15,25.9,6.9,120,184.3
2008,5,19.4,28.7,10.9,163.5,220.1
2008,6,22.2,31.5,13.2,386,86.7
2008,7,29,36.5,18.4,48,223.7
2008,8,27.6,37.3,21.2,419,161.7
2008,9,25,32.6,17.2,174,134.1
2008,10,20.3,28.5,12.8,16.5,175.4
2008,11,13.4,23.6,4.4,91,107.5
2008,12,9.1,19.8,0.7,78.5,122.1
2009,1,6.4,14.4,-1.2,62.5,77.8
2009,2,9.8,21.3,2.5,86,107.7
2009,3,11.7,23.9,3.2,46,169.5
2009,4,15.6,25.9,4.5,99.5,224.4
2009,5,19.9,30.1,12.7,45.5,203.7
2009,6,23.6,32,15.4,219,168.4
2009,7,26.8,34.8,19.7,619.5,87.1
2009,8,27.6,34.9,20.2,94,188.2
2009,9,24.4,32.5,17.8,83.5,203.9
2009,10,19.7,28.3,12.1,105,173.3
2009,11,13.7,26.4,3.9,181.5,108.4
2009,12,8.9,17.6,0.9,50,94.6
2010,1,6.6,18.8,-1.3,50.5,133.4
2010,2,9.4,22.9,0.3,70,114.1
2010,3,10.9,24.8,1.1,155,111.2
2010,4,13.8,23.3,6.5,199.5,154.3
2010,5,19.2,27.9,10.5,105,197.1
2010,6,23.5,31.2,15.7,203,145
2010,7,27.7,36.1,22.6,453.5,160.9
2010,8,30.3,37.4,24.4,69.5,229.7
2010,9,26.3,36.4,17.8,138.5,185
2010,10,20,27.5,9.5,78.5,126.8
2010,11,13.2,21.3,4.5,58,169.2
2010,12,8.8,20.1,0.1,148,106.4
2011,1,3.8,9.8,-2.2,106,89.7
2011,2,8.2,21.1,0.2,48,130.8
2011,3,8.8,19.8,0.8,60,185
2011,4,14.7,26.9,5.4,37.5,224.5
2011,5,19.8,30.3,12.3,277.5,156.3
2011,6,23.9,34.5,17.8,409,107.6
2011,7,27.9,35.7,21,172,201.3
2011,8,28.5,36.1,23,322,177.4
2011,9,25.2,34.8,14.3,85.5,177.4
2011,10,19.7,27.7,10.6,127,157.6
2011,11,16.3,27.5,5.2,166.5,115.7
2011,12,8.5,17.1,0.7,38,96.6
2012,1,6.3,14,0.8,29.5,98.7
2012,2,5.7,15.8,-2.9,155,75.6
2012,3,10.7,22.7,1.3,125,153.8
2012,4,16.2,26.7,5.8,74.5,211.1
2012,5,20.1,28.8,12.5,43.5,184.5
2012,6,23.1,31.9,18.3,288.5,105.8
2012,7,28,36.5,19.6,464,175.2
2012,8,29.1,37.5,23.1,188.5,196.7
2012,9,24.5,32.4,16.4,129,159.4
2012,10,19.2,27.4,10.8,47.5,204.3
2012,11,12.9,21.2,3.8,125,135.5
2012,12,7.6,15.8,0.3,98.5,98.4
2013,1,6.1,15.5,-0.6,57.5,125.6
2013,2,7.8,18.5,-1.7,81.5,136.9
2013,3,12.3,24.1,2.5,56.5,178.6
2013,4,14.7,27.2,6.2,108,209.1
2013,5,20.3,30.8,9.1,37,250.6
2013,6,23.7,32.1,17.1,268.5,97.6
2013,7,30,37.3,22.9,134,215.8
2013,8,30,37.9,22.6,501.5,246.2
2013,9,25.2,34,17.5,133,209
2013,10,20.7,29.9,11.1,227.5,172.2
2013,11,13.4,22.8,5.2,119.5,112.1
2013,12,8.1,16.1,2.5,77,104.8
2014,1,7.5,17.3,0.6,57.5,146.3
2014,2,7.6,20.9,1.1,83,105.2
2014,3,11.5,23.2,1.6,102.5,175.1
2014,4,15.6,24.9,5.6,61,179.9
2014,5,20.5,30.8,9.6,94,280.7
2014,6,22.6,30.7,17,101,107.9
2014,7,27.1,37,20.1,373,148
2014,8,26.5,32.6,21.1,462.5,79.7
2014,9,24.2,30.8,16.7,107,159.5
2014,10,19.7,29,11.2,144.5,183.6
2014,11,14.7,23.8,7.4,106,138
2014,12,7.6,18.7,0.2,73.5,105.9
2015,1,7.9,16.2,-0.9,83.5,112.2
2015,2,7.6,15.7,0.6,42.5,114.3
2015,3,11.1,22,1.6,94.5,193.7
2015,4,16.2,28.3,7.5,239.5,161.9
2015,5,20.7,30.2,13.6,120.5,230.5
2015,6,22.6,30.9,15.6,222.5,124.6
2015,7,26,34.7,18.9,266,149.2
2015,8,27.4,35.8,21.2,319.5,203.5
2015,9,23.2,30,17.1,146,158.1
2015,10,18.9,29.2,11.3,83,231.2
2015,11,16,27.5,5.2,140.5,101.8
2015,12,10.3,18.2,1.3,109.5,91
2016,1,7,16.5,-4,92,59.3
2016,2,7.9,20.6,0.5,98.5,106.6
2016,3,11.5,23.6,2,77.5,160.4
2016,4,16.8,26.3,9.2,196,160.2
2016,5,20.8,30.6,10.4,191.5,224.9
2016,6,23.6,32,15.9,394.5,137.7
2016,7,28.3,35.8,22.9,179.5,230
2016,8,29.3,37,18.8,128,285
2016,9,25.1,33,20,608.5,102.8
2016,10,21.3,32.8,13.8,181,113
2016,11,14.5,22.8,5.9,132.5,126.5
2016,12,10.5,20.6,2.6,141,125.1
2017,1,7.4,19,-0.6,69.5,139.5
2017,2,8.3,19.5,0.3,49.5,152.7
2017,3,10.5,19.4,4.1,46,169.2
2017,4,16.5,28.2,5.8,192.5,198
2017,5,21,31,14.3,81,253.9
2017,6,23.1,33.2,15.9,173,194.3
2017,7,29.4,36.1,22.8,146,207.5
2017,8,29.5,37.5,23.5,95.5,258.2
2017,9,24.3,31.3,17,128.5,136.6
2017,10,19.8,29.5,11,289.5,122.8
2017,11,13.6,22.8,4.4,23.5,145.4
2017,12,7.4,16,0.8,24,91
2018,1,5.7,18.6,-0.4,89.5,95.9
2018,2,6.2,16.8,-1.8,57,130.2
2018,3,11.9,23,3,147.5,202.4
2018,4,17.1,26.4,6.8,61,216.6
2018,5,20.8,31.6,10.4,134,190.6
2018,6,23.7,31.7,16.6,267,178.9
2018,7,28.7,38.3,20.8,466.5,250.3
2018,8,30,38.1,23.7,52,282.9
